<?xml version="1.0" encoding="utf-8"?>
<!--/15340852/1236940/2.50/2/2/Capacitor/-->
<quadcept_library>
  <setting unit="mil" />
  <textstyle name="Default" height="47.244094488189" strokewidth="7.8740157480315" charwidth="47.244094488189" />
  <textstyle name="Dimension" height="19.6850393700787" strokewidth="0" charwidth="19.6850393700787" />
  <textstyle name="H127W0635TH00762" height="50" strokewidth="3" charwidth="25" />
  <textstyle name="H15W15TH02" height="59.0551181102362" strokewidth="7.8740157480315" charwidth="59.0551181102362" />
  <padstyle name="s180_h120" surface="False" plated="True" isvia="False" nopaste="True" nomask="True" complex="False" holesize="47.244094488188">
    <padshape layer="TOP" shape="square" width="70.866141732283" height="70.866141732283" />
    <padshape layer="TOP_SOLDER_MASK" shape="square" width="78.740157480314" height="78.740157480314" />
    <padshape layer="INNER" shape="square" width="70.866141732283" height="70.866141732283" />
    <padshape layer="BOTTOM" shape="square" width="70.866141732283" height="70.866141732283" />
    <padshape layer="BOTTOM_SOLDER_MASK" shape="square" width="78.740157480314" height="78.740157480314" />
  </padstyle>
  <padstyle name="c180_h120" surface="False" plated="True" isvia="False" nopaste="True" nomask="True" complex="False" holesize="47.244094488188">
    <padshape layer="TOP" shape="round" width="70.866141732283" height="70.866141732283" />
    <padshape layer="TOP_SOLDER_MASK" shape="round" width="78.740157480314" height="78.740157480314" />
    <padshape layer="INNER" shape="round" width="70.866141732283" height="70.866141732283" />
    <padshape layer="BOTTOM" shape="round" width="70.866141732283" height="70.866141732283" />
    <padshape layer="BOTTOM_SOLDER_MASK" shape="round" width="78.740157480314" height="78.740157480314" />
  </padstyle>
  <footprint name="ECQUAAF335LD" originx="0" originy="0" pickpointx="0" pickpointy="0">
    <pcbpin number="1" name="1" style="s180_h120" originx="0" originy="0" rotation="90" />
    <pcbpin number="2" name="2" style="c180_h120" originx="1476.3779527559" originy="0" rotation="90" />
    <line layer="TOP_ASSEMBLY" originx="-68.897637795275" originy="-295.27559055118" endx="1545.2755905512" endy="-295.27559055118" width="3.9370078740157" />
    <line layer="TOP_ASSEMBLY" originx="1545.2755905512" originy="-295.27559055118" endx="1545.2755905512" endy="295.27559055118" width="3.9370078740157" />
    <line layer="TOP_ASSEMBLY" originx="1545.2755905512" originy="295.27559055118" endx="-68.897637795275" endy="295.27559055118" width="3.9370078740157" />
    <line layer="TOP_ASSEMBLY" originx="-68.897637795275" originy="295.27559055118" endx="-68.897637795275" endy="-295.27559055118" width="3.9370078740157" />
    <line layer="TOP_SILKSCREEN" originx="-68.897637795275" originy="-295.27559055118" endx="1545.2755905512" endy="-295.27559055118" width="7.8740157480314" />
    <line layer="TOP_SILKSCREEN" originx="1545.2755905512" originy="-295.27559055118" endx="1545.2755905512" endy="295.27559055118" width="7.8740157480314" />
    <line layer="TOP_SILKSCREEN" originx="1545.2755905512" originy="295.27559055118" endx="-68.897637795275" endy="295.27559055118" width="7.8740157480314" />
    <line layer="TOP_SILKSCREEN" originx="-68.897637795275" originy="295.27559055118" endx="-68.897637795275" endy="-295.27559055118" width="7.8740157480314" />
    <line layer="TOP_PLACE_BOUND" originx="-108.26771653543" originy="334.64566929133" endx="1584.6456692913" endy="334.64566929133" width="3.9370078740157" />
    <line layer="TOP_PLACE_BOUND" originx="1584.6456692913" originy="334.64566929133" endx="1584.6456692913" endy="-334.64566929133" width="3.9370078740157" />
    <line layer="TOP_PLACE_BOUND" originx="1584.6456692913" originy="-334.64566929133" endx="-108.26771653543" endy="-334.64566929133" width="3.9370078740157" />
    <line layer="TOP_PLACE_BOUND" originx="-108.26771653543" originy="-334.64566929133" endx="-108.26771653543" endy="334.64566929133" width="3.9370078740157" />
    <line layer="TOP_SILKSCREEN" originx="-90.551181102361" originy="0" endx="-90.551181102361" endy="0" width="3.9370078740157" />
    <arc layer="TOP_SILKSCREEN" originx="-88.582677165353" originy="0" startangle="-180.0" sweepangle="180.0" radius="1.9685039370079" width="3.9370078740157" />
    <line layer="TOP_SILKSCREEN" originx="-86.614173228345" originy="0" endx="-86.614173228345" endy="0" width="3.9370078740157" />
    <arc layer="TOP_SILKSCREEN" originx="-88.582677165353" originy="0" startangle=".0" sweepangle="180.0" radius="1.9685039370079" width="3.9370078740157" />
  </footprint>
  <symbol name="ECQUAAF335LD" originx="0" originy="0">
    <line originx="220" originy="100" endx="220" endy="-100" width="0" />
    <line originx="280" originy="100" endx="280" endy="-100" width="0" />
    <line originx="200" originy="0" endx="220" endy="0" width="0" />
    <line originx="280" originy="0" endx="300" endy="0" width="0" />
    <sympin number="1" originx="200" originy="0" rotation="180" length="100" width="7.8740157480315" flipped="False">
      <text name="pinname" originx="0" originy="-10" style="Default" rotation="0" justify="upperleft" flipped="False" hidden="True" data="1" />
      <text name="pindes" originx="0" originy="10" style="Default" rotation="0" justify="lowerleft" flipped="False" hidden="False" data="1" />
    </sympin>
    <sympin number="2" originx="300" originy="0" rotation="0" length="100" width="7.8740157480315" flipped="False">
      <text name="pinname" originx="500" originy="-10" style="Default" rotation="0" justify="upperright" flipped="False" hidden="True" data="2" />
      <text name="pindes" originx="500" originy="10" style="Default" rotation="0" justify="lowerright" flipped="False" hidden="False" data="2" />
    </sympin>
  </symbol>
  <component name="ECQUAAF335LD" designatorprefix="C" height="1200.7874015748" footprint="ECQUAAF335LD">
    <comppin designator="1" sympin="1" pinswap="0" gateswap="0" gate="1" group="1" side="" type="Any" name="1" />
    <comppin designator="2" sympin="2" pinswap="0" gateswap="0" gate="1" group="1" side="" type="Any" name="2" />
    <attached_symbol gate="1" name="ECQUAAF335LD" />
    <pinmap designator="1" footprintpin="1" />
    <pinmap designator="2" footprintpin="2" />
    <text name="Datasheet" originx="0" originy="0" style="Default" rotation="0" justify="" flipped="False" hidden="True" data="https://industrial.panasonic.com/cdbs/www-data/pdf/RDI0000/ABD0000C249.pdf" />
    <text name="Description" originx="0" originy="0" style="Default" rotation="0" justify="" flipped="False" hidden="True" data="MPP   Rated voltage (V):  275.0  Category Temp. Range (C):-40 to 110   Capacitance (F): 3.300000  Capacitance tolerance (%): -20 - 20   l*w*h   41*15*30.5" />
    <text name="Manufacturer_Name" originx="0" originy="0" style="Default" rotation="0" justify="" flipped="False" hidden="True" data="Panasonic" />
    <text name="Manufacturer_Part_Number" originx="350" originy="150" style="Default" rotation="0" justify="left" flipped="False" hidden="False" data="ECQUAAF335LD" />
    <text name="Mouser Part Number" originx="0" originy="0" style="Default" rotation="0" justify="" flipped="False" hidden="True" data="" />
    <text name="Mouser Price/Stock" originx="0" originy="0" style="Default" rotation="0" justify="" flipped="False" hidden="True" data="" />
    <text name="Arrow Part Number" originx="0" originy="0" style="Default" rotation="0" justify="" flipped="False" hidden="True" data="" />
    <text name="Arrow Price/Stock" originx="0" originy="0" style="Default" rotation="0" justify="" flipped="False" hidden="True" data="" />
  </component>
</quadcept_library>
